col1,first_name,col2,col3,country
1,Feliza,Eusden,feusden0@ameblo.jp,France
2,Priscilla,Le Pine,plepine1@biglobe.ne.jp,France
3,Jaimie,Sandes,jsandes2@reuters.com,France
4,Nari,Dolphin,ndolphin3@cbslocal.com,France
5,Garik,Farre,gfarre4@economist.com,France
6,Kordula,Broodes,kbroodes5@amazon.de,France
7,Rakel,Ingliby,ringliby6@ft.com,United States
8,Derk,Mattielli,dmattielli7@slideshare.net,United States
9,Karrah,Boshard,kboshard8@ihg.com,France
10,Friedrich,Kreutzer,fkreutzer9@businessweek.com,France
11,Conn,Claiden,cclaidena@vimeo.com,France
12,Karel,Crippin,kcrippinb@google.pl,France
13,Millisent,Joint,mjointc@state.tx.us,France
14,Valeria,McCloughen,vmccloughend@gov.uk,France
15,Monique,Bernardo,mbernardoe@scientificamerican.com,United States
16,Callie,d'Arcy,cdarcyf@people.com.cn,United States
17,Demetri,Bridgwater,dbridgwaterg@youku.com,United States
18,Richard,Drinan,rdrinanh@odnoklassniki.ru,United Kingdom
19,Benjie,Stuttman,bstuttmani@cpanel.net,United States
20,Claresta,Martinetto,cmartinettoj@mapy.cz,France
21,Anson,Gheeraert,agheeraertk@chicagotribune.com,France
22,Bord,Carlet,bcarletl@symantec.com,United States
23,Manya,Considine,mconsidinem@smugmug.com,France
24,Davine,Kos,dkosn@t.co,France
25,Anna,Royste,aroysteo@marriott.com,France
26,Janene,Van Zon,jvanzonp@nhs.uk,France
27,Ardene,Pay,apayq@netlog.com,United States
28,Renault,Smullin,rsmullinr@canalblog.com,France
29,Evanne,Poulsen,epoulsens@yellowbook.com,United States
30,Nanon,Benedtti,nbenedttit@berkeley.edu,United States
31,Martin,Cuthbertson,mcuthbertsonu@drupal.org,United States
32,Wallis,Bamford,wbamfordv@t-online.de,United Kingdom
33,Saundra,Westall,swestallw@blinklist.com,United Kingdom
34,Ewart,Rosengren,erosengrenx@usatoday.com,United Kingdom
35,Knox,Glossop,kglossopy@google.pl,United States
36,Daniel,Buckthorp,dbuckthorpz@tmall.com,Netherlands
37,Gwyneth,Diamant,gdiamant10@nhs.uk,France
38,Bernete,Asken,basken11@wp.com,France
39,Imogene,Mascall,imascall12@networkadvertising.org,United States
40,Ray,MacCrackan,rmaccrackan13@google.co.jp,United States
41,Travis,Gonsalvez,tgonsalvez14@wunderground.com,United States
42,Kendall,Imloch,kimloch15@ifeng.com,United States
43,Anabella,Farmery,afarmery16@sakura.ne.jp,France
44,Toddie,Newman,tnewman17@tuttocitta.it,United States
45,Read,Hemms,rhemms18@sina.com.cn,France
46,Waverly,Obington,wobington19@miitbeian.gov.cn,France
47,Adara,Grigolashvill,agrigolashvill1a@altervista.org,France
48,Hale,Paulitschke,hpaulitschke1b@ihg.com,France
49,Moore,Blindermann,mblindermann1c@time.com,France
50,Filberte,Pie,fpie1d@walmart.com,France
51,Kamillah,Blondell,kblondell1e@printfriendly.com,France
52,Eloise,Ivain,eivain1f@soundcloud.com,France
53,Gabbie,Staning,gstaning1g@wisc.edu,United States
54,Carmine,Skule,cskule1h@samsung.com,France
55,Augustine,Morshead,amorshead1i@so-net.ne.jp,France
56,Benji,Trees,btrees1j@mayoclinic.com,France
57,Mathias,Hackney,mhackney1k@telegraph.co.uk,France
58,Gradeigh,Gulleford,ggulleford1l@hatena.ne.jp,United States
59,Alic,Shinner,ashinner1m@boston.com,United States
60,Karon,Tipens,ktipens1n@auda.org.au,France
61,George,Barczewski,gbarczewski1o@bbc.co.uk,United States
62,Boyd,Barham,bbarham1p@wisc.edu,Netherlands
63,Noam,Massey,nmassey1q@xinhuanet.com,France
64,Norbert,Cusworth,ncusworth1r@ebay.com,France
65,Dylan,Beecker,dbeecker1s@tinypic.com,France
66,Sherline,Manuele,smanuele1t@ucsd.edu,France
67,Lorry,Beavors,lbeavors1u@technorati.com,United Kingdom
68,Norbie,Camel,ncamel1v@devhub.com,France
69,Bibi,Levay,blevay1w@msu.edu,France
70,Freedman,Dresse,fdresse1x@bloglines.com,United Kingdom
71,Denys,Plumbley,dplumbley1y@diigo.com,United States
72,Aldo,Billingsly,abillingsly1z@usgs.gov,United States
73,Simone,Nurcombe,snurcombe20@posterous.com,United States
74,Ingrid,Ayshford,iayshford21@cpanel.net,France
75,Brina,Lethcoe,blethcoe22@fema.gov,United States
76,Reginald,Guyonneau,rguyonneau23@biglobe.ne.jp,France
77,Stephan,Peet,speet24@discovery.com,United States
78,Vilhelmina,Seligson,vseligson25@livejournal.com,United States
79,Derk,Steinson,dsteinson26@xrea.com,France
80,Collette,Lummis,clummis27@ucla.edu,France
81,Quintina,Beaumont,qbeaumont28@ft.com,France
82,Nahum,Blumire,nblumire29@cargocollective.com,France
83,Ivar,Tippett,itippett2a@desdev.cn,France
84,Maryjo,Braams,mbraams2b@bing.com,United States
85,Jeannie,Hazeldene,jhazeldene2c@sphinn.com,France
86,Alissa,Downie,adownie2d@globo.com,United States
87,Lexie,Iacovone,liacovone2e@house.gov,United States
88,Barnard,Vynehall,bvynehall2f@eventbrite.com,United States
89,Rutherford,Tommasi,rtommasi2g@google.ru,France
90,Gwenore,Bakes,gbakes2h@shutterfly.com,United States
91,Audy,Eplate,aeplate2i@webeden.co.uk,United Kingdom
92,Tish,Terron,tterron2j@mail.ru,France
93,Winonah,Emmanueli,wemmanueli2k@ask.com,France
94,Stephenie,Castelain,scastelain2l@slashdot.org,United States
95,Gwendolyn,Youens,gyouens2m@360.cn,France
96,Joey,Erbain,jerbain2n@bbc.co.uk,France
97,Aurilia,Ruggles,aruggles2o@people.com.cn,France
98,Erik,Laybourn,elaybourn2p@github.com,France
99,Jo-ann,Duigenan,jduigenan2q@purevolume.com,United States
100,Dinah,Myatt,dmyatt2r@utexas.edu,United States
101,Ephrem,Bohlje,ebohlje2s@jigsy.com,France
102,Gipsy,Bowcher,gbowcher2t@mail.ru,France
103,Rebecka,Flaherty,rflaherty2u@livejournal.com,United States
104,Holly-anne,Ostler,hostler2v@aboutads.info,France
105,Lacie,Infante,linfante2w@telegraph.co.uk,Netherlands
106,Vassili,McGinnell,vmcginnell2x@newsvine.com,United States
107,Carmen,Craine,ccraine2y@ca.gov,France
108,Rhianna,Partkya,rpartkya2z@cdc.gov,Netherlands
109,Marnia,Dory,mdory30@uiuc.edu,Netherlands
110,Rhody,Swindle,rswindle31@tmall.com,Netherlands
111,Marchelle,Bentame,mbentame32@zdnet.com,France
112,Annemarie,Jaeggi,ajaeggi33@imdb.com,France
113,Rorie,Ragbourn,rragbourn34@vinaora.com,United States
114,Stephenie,O'Loghlen,sologhlen35@netscape.com,United States
115,Gabriel,Brawson,gbrawson36@nationalgeographic.com,France
116,Bianca,Isham,bisham37@taobao.com,France
117,Horace,Litton,hlitton38@blog.com,United States
118,Corrina,Thombleson,cthombleson39@cloudflare.com,United States
119,Si,Fullicks,sfullicks3a@answers.com,United States
120,Leanor,Iorizzo,liorizzo3b@indiatimes.com,France
121,Gretchen,Aitcheson,gaitcheson3c@lycos.com,United States
122,Lindon,Willan,lwillan3d@bandcamp.com,France
123,Boyce,De la Eglise,bdelaeglise3e@pcworld.com,United States
124,Wyn,Darco,wdarco3f@geocities.com,Netherlands
125,Teddy,Ballston,tballston3g@uiuc.edu,United States
126,Merrel,Wilce,mwilce3h@wp.com,United States
127,Lucinda,Peare,lpeare3i@nature.com,France
128,Vito,Napthine,vnapthine3j@ning.com,Netherlands
129,Jada,Petkens,jpetkens3k@slideshare.net,United States
130,Hyacinthe,Jenkins,hjenkins3l@forbes.com,United States
131,Kenyon,Enrigo,kenrigo3m@comcast.net,France
132,Kristyn,Piotr,kpiotr3n@rediff.com,United States
133,Bessy,Halladey,bhalladey3o@blogger.com,United States
134,Jamesy,Beinke,jbeinke3p@youku.com,France
135,Valenka,Jankowski,vjankowski3q@wp.com,France
136,Bellina,Dabels,bdabels3r@feedburner.com,France
137,Sallyann,Dukes,sdukes3s@github.com,United States
138,Charmion,Casserly,ccasserly3t@zimbio.com,United States
139,Daryl,Bonavia,dbonavia3u@java.com,United States
140,Aaron,Palle,apalle3v@tripadvisor.com,France
141,Jae,Conahy,jconahy3w@fastcompany.com,France
142,Gerladina,Netti,gnetti3x@cmu.edu,France
143,Daisi,Errowe,derrowe3y@php.net,United States
144,Ario,Baldwin,abaldwin3z@gizmodo.com,France
145,Tatum,Kores,tkores40@omniture.com,United States
146,Vonnie,Beange,vbeange41@mysql.com,France
147,Orella,Fochs,ofochs42@unblog.fr,United States
148,Carmon,Pull,cpull43@cam.ac.uk,France
149,Elenore,Fick,efick44@tumblr.com,France
150,Lesli,Koenen,lkoenen45@merriam-webster.com,United States
151,Kimmie,Pitford,kpitford46@rakuten.co.jp,France
152,Sayers,Hourigan,shourigan47@geocities.com,France
153,Desmund,Rosenstengel,drosenstengel48@soup.io,United States
154,Leupold,Batterson,lbatterson49@mashable.com,United States
155,Drona,MacFaell,dmacfaell4a@washington.edu,France
156,Kristen,Ellington,kellington4b@vimeo.com,France
157,Netti,Cattemull,ncattemull4c@vimeo.com,United States
158,Anthony,Skedge,askedge4d@patch.com,United States
159,Trisha,Schober,tschober4e@wp.com,United States
160,Patric,Dunlea,pdunlea4f@wiley.com,France
161,Loren,McArdle,lmcardle4g@newyorker.com,United States
162,Dirk,Pittoli,dpittoli4h@networkadvertising.org,United States
163,Dulci,Blackshaw,dblackshaw4i@livejournal.com,France
164,Harry,Petrolli,hpetrolli4j@comsenz.com,France
165,Hilda,Heinecke,hheinecke4k@altervista.org,Netherlands
166,Britt,Stronough,bstronough4l@howstuffworks.com,France
167,Nixie,Tatlowe,ntatlowe4m@github.io,United States
168,Vergil,Chrismas,vchrismas4n@free.fr,France
169,Katina,Cotman,kcotman4o@weibo.com,France
170,Georgeta,Boni,gboni4p@technorati.com,France
171,Legra,Mugg,lmugg4q@mac.com,France
172,Dulce,Yewdall,dyewdall4r@amazon.co.uk,France
173,Conroy,Hobell,chobell4s@bravesites.com,France
174,Cosimo,Salliss,csalliss4t@vinaora.com,France
175,Mychal,Damrel,mdamrel4u@gravatar.com,France
176,Hallsy,Melmar,hmelmar4v@nyu.edu,France
177,Alfredo,Wissbey,awissbey4w@geocities.jp,United Kingdom
178,Lorine,Arnaudet,larnaudet4x@businessinsider.com,France
179,Eulalie,Ferrarone,eferrarone4y@macromedia.com,United States
180,Rosemarie,Reggler,rreggler4z@google.es,United States
181,Ximenes,Klemz,xklemz50@ebay.co.uk,France
182,Hy,Moulding,hmoulding51@opera.com,France
183,Nita,Gehrels,ngehrels52@netvibes.com,United States
184,Stephanie,Van Der Weedenburg,svanderweedenburg53@angelfire.com,France
185,Lori,Shah,lshah54@addtoany.com,France
186,Arnie,Ivanisov,aivanisov55@ustream.tv,France
187,Courtnay,Caban,ccaban56@photobucket.com,United States
188,Gerta,O'Cassidy,gocassidy57@multiply.com,France
189,Eduard,Tsar,etsar58@ovh.net,Netherlands
190,Gayla,Ruttgers,gruttgers59@sogou.com,France
191,Finley,Bescoby,fbescoby5a@wikia.com,France
192,Morgan,Lamprecht,mlamprecht5b@chron.com,United States
193,Prince,Lettley,plettley5c@pcworld.com,France
194,Irena,Greated,igreated5d@live.com,Netherlands
195,Joseito,Ivakin,jivakin5e@cdbaby.com,France
196,Bertram,Maxworthy,bmaxworthy5f@dedecms.com,United States
197,Penrod,Volette,pvolette5g@ask.com,United Kingdom
198,Ruth,Manueau,rmanueau5h@prlog.org,United States
199,Ermanno,Surcombe,esurcombe5i@bigcartel.com,United Kingdom
200,Julianne,Ciobutaro,jciobutaro5j@blogspot.com,France
201,Olag,Memmory,omemmory5k@state.tx.us,United States
202,Giana,Jaquiss,gjaquiss5l@amazon.co.uk,France
203,Yves,Gidman,ygidman5m@mashable.com,France
204,Josselyn,Goves,jgoves5n@state.tx.us,France
205,Philippa,Wethered,pwethered5o@naver.com,France
206,Kaspar,Marcinkus,kmarcinkus5p@wikipedia.org,France
207,Venita,Ayrton,vayrton5q@nasa.gov,France
208,Perice,Filinkov,pfilinkov5r@techcrunch.com,France
209,Andriette,Thurlbeck,athurlbeck5s@cloudflare.com,France
210,Kaile,Langton,klangton5t@youtu.be,France
211,Libbey,Havick,lhavick5u@cocolog-nifty.com,France
212,Jaquelyn,Deetlof,jdeetlof5v@free.fr,United States
213,Aldis,Martinon,amartinon5w@slate.com,France
214,Hasty,Maides,hmaides5x@google.cn,United States
215,Nathalia,Gliddon,ngliddon5y@hhs.gov,United States
216,Gherardo,Carstairs,gcarstairs5z@e-recht24.de,United States
217,Ellswerth,Kenset,ekenset60@ehow.com,United States
218,Camala,Lawranson,clawranson61@usa.gov,United States
219,Domenico,Quince,dquince62@list-manage.com,United States
220,Aron,Dowsing,adowsing63@mail.ru,United States
221,Janella,Mairs,jmairs64@deliciousdays.com,France
222,Nadean,Petrazzi,npetrazzi65@weebly.com,France
223,Karim,Ditzel,kditzel66@de.vu,United States
224,Lilias,Drever,ldrever67@livejournal.com,United States
225,Phillipe,Sturzaker,psturzaker68@un.org,France
226,Barth,Kielty,bkielty69@google.it,United States
227,Christoph,Wraggs,cwraggs6a@instagram.com,United States
228,Leonie,Barling,lbarling6b@weibo.com,France
229,Iggie,Stichel,istichel6c@networksolutions.com,United States
230,Edwina,Leyson,eleyson6d@1688.com,United States
231,Odo,Gounin,ogounin6e@reuters.com,United States
232,Alexandra,Goulder,agoulder6f@dropbox.com,France
233,Crystie,Roles,croles6g@house.gov,United States
234,Reinhold,Latore,rlatore6h@stumbleupon.com,United States
235,Rudolph,Von Hindenburg,rvonhindenburg6i@eepurl.com,France
236,Angie,Ballchin,aballchin6j@canalblog.com,France
237,Ignace,Caccavella,icaccavella6k@noaa.gov,France
238,Seline,Keates,skeates6l@discovery.com,United States
239,Hollyanne,Golley,hgolley6m@nydailynews.com,Netherlands
240,Roldan,Bownd,rbownd6n@hostgator.com,United States
