id,email,country
1,feusden0@ameblo.jp,France
2,plepine1@biglobe.ne.jp,France
3,jsandes2@reuters.com,France
4,ndolphin3@cbslocal.com,France
5,gfarre4@economist.com,France
6,kbroodes5@amazon.de,France
7,ringliby6@ft.com,United States
8,dmattielli7@slideshare.net,United States
9,kboshard8@ihg.com,France
10,fkreutzer9@businessweek.com,France
11,cclaidena@vimeo.com,France
12,kcrippinb@google.pl,France
13,mjointc@state.tx.us,France
14,vmccloughend@gov.uk,France
15,mbernardoe@scientificamerican.com,United States
16,cdarcyf@people.com.cn,United States
17,dbridgwaterg@youku.com,United States
18,rdrinanh@odnoklassniki.ru,United Kingdom
19,bstuttmani@cpanel.net,United States
20,cmartinettoj@mapy.cz,France
21,agheeraertk@chicagotribune.com,France
22,bcarletl@symantec.com,United States
23,mconsidinem@smugmug.com,France
24,dkosn@t.co,France
25,aroysteo@marriott.com,France
26,jvanzonp@nhs.uk,France
27,apayq@netlog.com,United States
28,rsmullinr@canalblog.com,France
29,epoulsens@yellowbook.com,United States
30,nbenedttit@berkeley.edu,United States
31,mcuthbertsonu@drupal.org,United States
32,wbamfordv@t-online.de,United Kingdom
33,swestallw@blinklist.com,United Kingdom
34,erosengrenx@usatoday.com,United Kingdom
35,kglossopy@google.pl,United States
36,dbuckthorpz@tmall.com,Netherlands
37,gdiamant10@nhs.uk,France
38,basken11@wp.com,France
39,imascall12@networkadvertising.org,United States
40,rmaccrackan13@google.co.jp,United States
41,tgonsalvez14@wunderground.com,United States
42,kimloch15@ifeng.com,United States
43,afarmery16@sakura.ne.jp,France
44,tnewman17@tuttocitta.it,United States
45,rhemms18@sina.com.cn,France
46,wobington19@miitbeian.gov.cn,France
47,agrigolashvill1a@altervista.org,France
48,hpaulitschke1b@ihg.com,France
49,mblindermann1c@time.com,France
50,fpie1d@walmart.com,France
51,kblondell1e@printfriendly.com,France
52,eivain1f@soundcloud.com,France
53,gstaning1g@wisc.edu,United States
54,cskule1h@samsung.com,France
55,amorshead1i@so-net.ne.jp,France
56,btrees1j@mayoclinic.com,France
57,mhackney1k@telegraph.co.uk,France
58,ggulleford1l@hatena.ne.jp,United States
59,ashinner1m@boston.com,United States
60,ktipens1n@auda.org.au,France
61,gbarczewski1o@bbc.co.uk,United States
62,bbarham1p@wisc.edu,Netherlands
63,nmassey1q@xinhuanet.com,France
64,ncusworth1r@ebay.com,France
65,dbeecker1s@tinypic.com,France
66,smanuele1t@ucsd.edu,France
67,lbeavors1u@technorati.com,United Kingdom
68,ncamel1v@devhub.com,France
69,blevay1w@msu.edu,France
70,fdresse1x@bloglines.com,United Kingdom
71,dplumbley1y@diigo.com,United States
72,abillingsly1z@usgs.gov,United States
73,snurcombe20@posterous.com,United States
74,iayshford21@cpanel.net,France
75,blethcoe22@fema.gov,United States
76,rguyonneau23@biglobe.ne.jp,France
77,speet24@discovery.com,United States
78,vseligson25@livejournal.com,United States
79,dsteinson26@xrea.com,France
80,clummis27@ucla.edu,France
81,qbeaumont28@ft.com,France
82,nblumire29@cargocollective.com,France
83,itippett2a@desdev.cn,France
84,mbraams2b@bing.com,United States
85,jhazeldene2c@sphinn.com,France
86,adownie2d@globo.com,United States
87,liacovone2e@house.gov,United States
88,bvynehall2f@eventbrite.com,United States
89,rtommasi2g@google.ru,France
90,gbakes2h@shutterfly.com,United States
91,aeplate2i@webeden.co.uk,United Kingdom
92,tterron2j@mail.ru,France
93,wemmanueli2k@ask.com,France
94,scastelain2l@slashdot.org,United States
95,gyouens2m@360.cn,France
96,jerbain2n@bbc.co.uk,France
97,aruggles2o@people.com.cn,France
98,elaybourn2p@github.com,France
99,jduigenan2q@purevolume.com,United States
100,dmyatt2r@utexas.edu,United States
101,ebohlje2s@jigsy.com,France
102,gbowcher2t@mail.ru,France
103,rflaherty2u@livejournal.com,United States
104,hostler2v@aboutads.info,France
105,linfante2w@telegraph.co.uk,Netherlands
106,vmcginnell2x@newsvine.com,United States
107,ccraine2y@ca.gov,France
108,rpartkya2z@cdc.gov,Netherlands
109,mdory30@uiuc.edu,Netherlands
110,rswindle31@tmall.com,Netherlands
111,mbentame32@zdnet.com,France
112,ajaeggi33@imdb.com,France
113,rragbourn34@vinaora.com,United States
114,sologhlen35@netscape.com,United States
115,gbrawson36@nationalgeographic.com,France
116,bisham37@taobao.com,France
117,hlitton38@blog.com,United States
118,cthombleson39@cloudflare.com,United States
119,sfullicks3a@answers.com,United States
120,liorizzo3b@indiatimes.com,France
121,gaitcheson3c@lycos.com,United States
122,lwillan3d@bandcamp.com,France
123,bdelaeglise3e@pcworld.com,United States
124,wdarco3f@geocities.com,Netherlands
125,tballston3g@uiuc.edu,United States
126,mwilce3h@wp.com,United States
127,lpeare3i@nature.com,France
128,vnapthine3j@ning.com,Netherlands
129,jpetkens3k@slideshare.net,United States
130,hjenkins3l@forbes.com,United States
131,kenrigo3m@comcast.net,France
132,kpiotr3n@rediff.com,United States
133,bhalladey3o@blogger.com,United States
134,jbeinke3p@youku.com,France
135,vjankowski3q@wp.com,France
136,bdabels3r@feedburner.com,France
137,sdukes3s@github.com,United States
138,ccasserly3t@zimbio.com,United States
139,dbonavia3u@java.com,United States
140,apalle3v@tripadvisor.com,France
141,jconahy3w@fastcompany.com,France
142,gnetti3x@cmu.edu,France
143,derrowe3y@php.net,United States
144,abaldwin3z@gizmodo.com,France
145,tkores40@omniture.com,United States
146,vbeange41@mysql.com,France
147,ofochs42@unblog.fr,United States
148,cpull43@cam.ac.uk,France
149,efick44@tumblr.com,France
150,lkoenen45@merriam-webster.com,United States
151,kpitford46@rakuten.co.jp,France
152,shourigan47@geocities.com,France
153,drosenstengel48@soup.io,United States
154,lbatterson49@mashable.com,United States
155,dmacfaell4a@washington.edu,France
156,kellington4b@vimeo.com,France
157,ncattemull4c@vimeo.com,United States
158,askedge4d@patch.com,United States
159,tschober4e@wp.com,United States
160,pdunlea4f@wiley.com,France
161,lmcardle4g@newyorker.com,United States
162,dpittoli4h@networkadvertising.org,United States
163,dblackshaw4i@livejournal.com,France
164,hpetrolli4j@comsenz.com,France
165,hheinecke4k@altervista.org,Netherlands
166,bstronough4l@howstuffworks.com,France
167,ntatlowe4m@github.io,United States
168,vchrismas4n@free.fr,France
169,kcotman4o@weibo.com,France
170,gboni4p@technorati.com,France
171,lmugg4q@mac.com,France
172,dyewdall4r@amazon.co.uk,France
173,chobell4s@bravesites.com,France
174,csalliss4t@vinaora.com,France
175,mdamrel4u@gravatar.com,France
176,hmelmar4v@nyu.edu,France
177,awissbey4w@geocities.jp,United Kingdom
178,larnaudet4x@businessinsider.com,France
179,eferrarone4y@macromedia.com,United States
180,rreggler4z@google.es,United States
181,xklemz50@ebay.co.uk,France
182,hmoulding51@opera.com,France
183,ngehrels52@netvibes.com,United States
184,svanderweedenburg53@angelfire.com,France
185,lshah54@addtoany.com,France
186,aivanisov55@ustream.tv,France
187,ccaban56@photobucket.com,United States
188,gocassidy57@multiply.com,France
189,etsar58@ovh.net,Netherlands
190,gruttgers59@sogou.com,France
191,fbescoby5a@wikia.com,France
192,mlamprecht5b@chron.com,United States
193,plettley5c@pcworld.com,France
194,igreated5d@live.com,Netherlands
195,jivakin5e@cdbaby.com,France
196,bmaxworthy5f@dedecms.com,United States
197,pvolette5g@ask.com,United Kingdom
198,rmanueau5h@prlog.org,United States
199,esurcombe5i@bigcartel.com,United Kingdom
200,jciobutaro5j@blogspot.com,France
201,omemmory5k@state.tx.us,United States
202,gjaquiss5l@amazon.co.uk,France
203,ygidman5m@mashable.com,France
204,jgoves5n@state.tx.us,France
205,pwethered5o@naver.com,France
206,kmarcinkus5p@wikipedia.org,France
207,vayrton5q@nasa.gov,France
208,pfilinkov5r@techcrunch.com,France
209,athurlbeck5s@cloudflare.com,France
210,klangton5t@youtu.be,France
211,lhavick5u@cocolog-nifty.com,France
212,jdeetlof5v@free.fr,United States
213,amartinon5w@slate.com,France
214,hmaides5x@google.cn,United States
215,ngliddon5y@hhs.gov,United States
216,gcarstairs5z@e-recht24.de,United States
217,ekenset60@ehow.com,United States
218,clawranson61@usa.gov,United States
219,dquince62@list-manage.com,United States
220,adowsing63@mail.ru,United States
221,jmairs64@deliciousdays.com,France
222,npetrazzi65@weebly.com,France
223,kditzel66@de.vu,United States
224,ldrever67@livejournal.com,United States
225,psturzaker68@un.org,France
226,bkielty69@google.it,United States
227,cwraggs6a@instagram.com,United States
228,lbarling6b@weibo.com,France
229,istichel6c@networksolutions.com,United States
230,eleyson6d@1688.com,United States
231,ogounin6e@reuters.com,United States
232,agoulder6f@dropbox.com,France
233,croles6g@house.gov,United States
234,rlatore6h@stumbleupon.com,United States
235,rvonhindenburg6i@eepurl.com,France
236,aballchin6j@canalblog.com,France
237,icaccavella6k@noaa.gov,France
238,skeates6l@discovery.com,United States
239,hgolley6m@nydailynews.com,Netherlands
240,rbownd6n@hostgator.com,United States
